frame_idx,pose_detected,left_hip_x,left_hip_y,left_hip_z,right_hip_x,right_hip_y,right_hip_z,left_knee_x,left_knee_y,left_knee_z,right_knee_x,right_knee_y,right_knee_z,left_ankle_x,left_ankle_y,left_ankle_z,right_ankle_x,right_ankle_y,right_ankle_z,left_heel_x,left_heel_y,left_heel_z,right_heel_x,right_heel_y,right_heel_z,left_foot_index_x,left_foot_index_y,left_foot_index_z,right_foot_index_x,right_foot_index_y,right_foot_index_z,mid_hip_x,mid_hip_y,mid_hip_z,torso_length
0,1,0.00283829769,0.012724929605,0.0,-0.00283829769,-0.012724929605,0.0,-0.751799256924,0.025354895979,0.0,-0.765181481043,0.000404059234,0.0,-1.544173022056,-0.14118181991,0.0,-1.587484848952,-0.163161582323,0.0,-1.664922708063,-0.253027020109,0.0,-1.720643063696,-0.303768323245,0.0,-1.679268601281,0.426726513091,0.0,-1.739832224883,0.424557971155,0.0,0.310066491365,0.516869038343,-6.042421e-06,-0.208069372915
1,1,0.001883589068,0.012917957746,0.0,-0.001883589068,-0.012917957746,0.0,-0.747033686016,0.025418203995,0.0,-0.760112932702,0.00085280997,0.0,-1.530146054041,-0.147109083663,0.0,-1.57310545511,-0.160881547669,0.0,-1.649568286734,-0.250692770712,0.0,-1.704039562212,-0.293697688905,0.0,-1.664616643792,0.38127249449,0.0,-1.722130498715,0.416942370527,0.0,0.308996617794,0.516786128283,-1.7724931e-05,-0.210829396179
2,1,-0.000240233801,0.012842548479,0.0,0.000240233801,-0.012842548479,0.0,-0.746596889835,0.025512083574,0.0,-0.762240030896,0.001242627461,0.0,-1.526909921461,-0.151018864939,0.0,-1.572577008579,-0.160373553672,0.0,-1.64768649717,-0.252479178966,0.0,-1.703613038705,-0.289161958324,0.0,-1.662358144846,0.364081399665,0.0,-1.717821252643,0.414923403004,0.0,0.308420553803,0.516820222139,-1.5240163e-05,-0.21170069701
3,1,-0.001324722685,0.006986811052,0.0,0.001324722685,-0.006986811052,0.0,-0.725267578013,0.025030143871,0.0,-0.747921623384,0.002345199598,0.0,-1.483596710689,-0.146415669327,0.0,-1.528046679278,-0.152351104564,0.0,-1.602013773158,-0.243353522329,0.0,-1.652639456608,-0.272338861245,0.0,-1.609944491474,0.354513001784,0.0,-1.660025378484,0.405651769641,0.0,0.307093024254,0.516383320093,-1.4424324e-05,-0.219908441668
4,1,0.000138300323,0.003338456826,0.0,-0.000138300323,-0.003338456826,0.0,-0.742526067705,0.022186914832,0.0,-0.769468058713,-0.00057607699,0.0,-1.520328202948,-0.157849140481,0.0,-1.564359176137,-0.15935782056,0.0,-1.642382039427,-0.256045438855,0.0,-1.693932421431,-0.278863109172,0.0,-1.648776075563,0.361622636492,0.0,-1.699468339977,0.418935741204,0.0,0.309096768498,0.516937077045,-1.8343329e-05,-0.213658232316
5,1,-0.002178464541,0.003227814755,0.0,0.002178464541,-0.003227814755,0.0,-0.732668061288,0.025018128676,0.0,-0.757025537964,0.002355403207,0.0,-1.487711373324,-0.153947436851,0.0,-1.530174493801,-0.154028280681,0.0,-1.605655368147,-0.247992025046,0.0,-1.655396052899,-0.269251792897,0.0,-1.613435000949,0.348115151496,0.0,-1.661697822698,0.405299407051,0.0,0.305433571339,0.516936004162,-2.5536865e-05,-0.220815751967
6,1,-0.003299390852,-0.00085319487,0.0,0.003299390852,0.00085319487,0.0,-0.756842479219,0.025540805799,0.0,-0.788696448442,-4.9409569e-05,0.0,-1.547847734072,-0.163094512771,0.0,-1.592232730204,-0.163016668065,0.0,-1.670686680096,-0.263603711925,0.0,-1.722989313357,-0.282811787548,0.0,-1.678654993706,0.361029810265,0.0,-1.73103561244,0.423305856579,0.0,0.306268766522,0.517469674349,-2.9414892e-05,-0.211712332581
7,1,-0.003519789796,0.002250795104,0.0,0.003519789796,-0.002250795104,0.0,-0.755483268649,0.022725642329,0.0,-0.783632969776,-0.002987357313,0.0,-1.548979023952,-0.166139135701,0.0,-1.589671896365,-0.165835554538,0.0,-1.67436920454,-0.267155803196,0.0,-1.721350967712,-0.28567326531,0.0,-1.68723629933,0.364309121384,0.0,-1.73032815514,0.425100790274,0.0,0.307975828648,0.518060714006,-2.7190894e-05,-0.210965627965
8,1,-0.005313082605,0.032736714536,0.0,0.005313082605,-0.032736714536,0.0,-0.760602212078,0.003927036246,0.0,-0.786641937492,-0.021874881502,0.0,-1.562352568443,-0.186924243381,0.0,-1.598970954596,-0.185672721694,0.0,-1.689038004518,-0.292631676655,0.0,-1.733637427064,-0.30899689549,0.0,-1.706593830899,0.347986653465,0.0,-1.744656467086,0.414314877698,0.0,0.308452695608,0.522061824799,-2.6158988e-05,-0.208910302649
9,1,-0.00572197805,0.047928463818,0.0,0.00572197805,-0.047928463818,0.0,-0.762824475825,0.013071087318,0.0,-0.786965687917,-0.016405405412,0.0,-1.564817611166,-0.184178902515,0.0,-1.599460552871,-0.18307599289,0.0,-1.692023762068,-0.290774009864,0.0,-1.732866728458,-0.309156075209,0.0,-1.716062188415,0.346090895996,0.0,-1.747740211699,0.391881301959,0.0,0.308581829071,0.521535515785,-2.6494265e-05,-0.208471221936
10,1,-0.002499333362,0.046427967925,0.0,0.002499333362,-0.046427967925,0.0,-0.711364011563,0.018113225567,0.0,-0.729847484314,-0.004472775909,0.0,-1.447120348098,-0.170879824946,0.0,-1.479230948466,-0.168893917718,0.0,-1.56591337197,-0.269222858344,0.0,-1.602297840962,-0.284456544811,0.0,-1.587624603472,0.313982009967,0.0,-1.615543905483,0.35131722413,0.0,0.307843640447,0.521748006344,-2.4128705e-05,-0.225943971404
11,1,-0.002678584734,0.05252317717,0.0,0.002678584734,-0.05252317717,0.0,-0.717530388506,0.038551628154,0.0,-0.734935539937,0.006597631616,0.0,-1.457993641518,-0.173918721594,0.0,-1.4908797127,-0.172129542371,0.0,-1.576960767277,-0.271224682522,0.0,-1.61523112476,-0.285968396629,0.0,-1.59949086707,0.334992837816,0.0,-1.628402195524,0.379373255637,0.0,0.307793796062,0.52219837904,-2.7198344e-05,-0.22420294971
12,1,-0.001048424368,0.060270918312,0.0,0.001048424368,-0.060270918312,0.0,-0.718197792266,0.060837466562,0.0,-0.735421695003,0.023611660101,0.0,-1.469569937312,-0.178126976464,0.0,-1.503518878312,-0.171949551149,0.0,-1.591317677684,-0.27741637747,0.0,-1.631233307465,-0.291132453976,0.0,-1.613009653353,0.347842828217,0.0,-1.643985092423,0.403398803096,0.0,0.309877425432,0.522913515568,-2.7388334e-05,-0.221039176552
13,1,-0.002469299567,0.069910197998,0.0,0.002469299567,-0.069910197998,0.0,-0.707309693583,0.099854699788,0.0,-0.724665984929,0.023240710776,0.0,-1.454733164997,-0.180457047292,0.0,-1.488464966468,-0.174390455987,0.0,-1.575362021967,-0.279464915765,0.0,-1.614911267914,-0.29375844248,0.0,-1.597689864125,0.336964520897,0.0,-1.628159181652,0.399722999392,0.0,0.311033025384,0.523934274912,-1.7940998e-05,-0.222488562894
14,1,-0.00070531371,0.068982523512,0.0,0.00070531371,-0.068982523512,0.0,-0.668821647419,0.151128295025,0.0,-0.697279601712,0.036366230483,0.0,-1.405963796218,-0.174057445229,0.0,-1.448021826194,-0.166543096332,0.0,-1.517790117948,-0.274824594024,0.0,-1.571496712237,-0.285685955737,0.0,-1.553566696258,0.325171657451,0.0,-1.586083366497,0.382573161945,0.0,0.310687452555,0.523905873299,-7.878989e-06,-0.228551862
15,1,0.00103265054,0.075619141907,0.0,-0.00103265054,-0.075619141907,0.0,-0.645155994092,0.193380360492,0.0,-0.684944429646,0.032766307028,0.0,-1.370834221438,-0.179117489262,0.0,-1.434216343037,-0.171474774328,0.0,-1.483357087845,-0.28339042282,0.0,-1.565129537308,-0.291246771512,0.0,-1.54611193879,0.27626239486,0.0,-1.582704387108,0.366213216416,0.0,0.313050717115,0.524874418974,-7.472932e-06,-0.22738815203
16,1,0.000186548936,0.080421339626,0.0,-0.000186548936,-0.080421339626,0.0,-0.60466502061,0.246052876431,0.0,-0.649038005157,0.03249265139,0.0,-1.240141509863,-0.195086087732,0.0,-1.371584575137,-0.158818234006,0.0,-1.387897983705,-0.338577785069,0.0,-1.488933136446,-0.273231343481,0.0,-1.44776032259,0.130643178318,0.0,-1.506650987552,0.347281616515,0.0,0.312829956412,0.52448990941,1.102686e-06,-0.239234695174
17,1,0.000598418764,0.076367312789,0.0,-0.000598418764,-0.076367312789,0.0,-0.575964395326,0.262494560974,0.0,-0.629503386901,0.023987133722,0.0,-1.107009358315,-0.230299013552,0.0,-1.310008783524,-0.150971690553,0.0,-1.147538089036,-0.419824629139,0.0,-1.421683516371,-0.26017681713,0.0,-1.340177359683,0.034433795207,0.0,-1.44216070302,0.330196922157,0.0,0.31241351366,0.524415254593,1.255423e-06,-0.250801787171
18,1,0.000123944225,0.078846084705,0.0,-0.000123944225,-0.078846084705,0.0,-0.531023378827,0.325639250639,0.0,-0.631096731323,-0.003132450592,0.0,-0.885642937719,-0.25153654491,0.0,-1.266403985417,-0.147798694201,0.0,-0.920081643357,-0.449969978009,0.0,-1.373156118087,-0.253969109149,0.0,-1.186163672574,-0.129203133094,0.0,-1.398438198663,0.317746556338,0.0,0.314549535513,0.524702131748,1.3735145e-05,-0.258002274829
19,1,-0.005318836218,0.084116118804,0.0,0.005318836218,-0.084116118804,0.0,-0.480560331249,0.382052710452,0.0,-0.629151012135,-0.087568175264,0.0,-0.722541016736,-0.259220128367,0.0,-1.238480770212,-0.149943649245,0.0,-0.735494940027,-0.441542208748,0.0,-1.341266964121,-0.253042434531,0.0,-1.015011985177,-0.181028669506,0.0,-1.36618704473,0.312011061076,0.0,0.318063110113,0.525638818741,1.2975186e-05,-0.261707075505
20,1,-0.004986023149,0.088554555771,0.0,0.004986023149,-0.088554555771,0.0,-0.506396295287,0.419939452784,0.0,-0.63898539685,-0.076851924889,0.0,-0.659034548286,-0.319323796141,0.0,-1.276264453464,-0.154311343845,0.0,-0.634490494903,-0.484966832359,0.0,-1.381434583879,-0.257279048502,0.0,-0.902223821313,-0.40609362162,0.0,-1.406354309192,0.317594596948,0.0,0.312524437904,0.525369614363,1.9032508e-05,-0.258142142683
21,1,-0.001806375071,0.09309865642,0.0,0.001806375071,-0.09309865642,0.0,-0.504024172929,0.452325727753,0.0,-0.654987457668,-0.073387001016,0.0,-0.51924165985,-0.357970544006,0.0,-1.303703163299,-0.158305238516,0.0,-0.431308505813,-0.480162091662,0.0,-1.40866626534,-0.261832627003,0.0,-0.73242224162,-0.485932332932,0.0,-1.437804450548,0.315999301017,0.0,0.309700399637,0.525660216808,2.7466565e-05,-0.254636509909
22,1,0.009718613883,0.120374807315,0.0,-0.009718613883,-0.120374807315,0.0,-0.461594070529,0.480836802094,0.0,-0.654571105928,-0.085285313516,0.0,-0.423089895117,-0.382774903697,0.0,-1.319222926978,-0.178654146865,0.0,-0.383187503314,-0.472287643859,0.0,-1.422436403286,-0.281759810689,0.0,-0.646742060735,-0.441503957622,0.0,-1.467895103545,0.31621110415,0.0,0.322850137949,0.528314933181,2.820045e-06,-0.240491819254
23,1,0.011656587665,0.119428813925,0.0,-0.011656587665,-0.119428813925,0.0,-0.391970860723,0.451991805132,0.0,-0.606460382574,-0.100810116094,0.0,-0.294755265395,-0.367059200075,0.0,-1.253957400083,-0.187491173279,0.0,-0.226951895963,-0.46145580357,0.0,-1.369699119655,-0.279358632725,0.0,-0.469006494449,-0.513866622694,0.0,-1.392248893075,0.27316220579,0.0,0.329428613186,0.52997815609,-5.096197e-06,-0.248208922295
24,1,0.002930364607,0.207679468627,0.0,-0.002930364607,-0.207679468627,0.0,-0.572125345413,0.750784506937,0.0,-0.978731322744,-0.183922869698,0.0,-0.429042036246,-0.619893794369,0.0,-2.07214112048,-0.322067633937,0.0,-0.353533841114,-0.804982618277,0.0,-2.268505687245,-0.480388306007,0.0,-0.664666887073,-0.942463114599,0.0,-2.308132548787,0.475985890894,0.0,0.339468717575,0.53076544404,-0.000110026449,-0.145362318681
25,1,0.0021872118,0.188705970439,0.0,-0.0021872118,-0.188705970439,0.0,-0.480136682657,0.613935414965,0.0,-0.86053745427,-0.177609863152,0.0,-0.33232283436,-0.521401849032,0.0,-1.762957883687,-0.282729474864,0.0,-0.283763202559,-0.636761107374,0.0,-1.944861586686,-0.425252862027,0.0,-0.517492762168,-0.745558472035,0.0,-1.959177600342,0.386117224638,0.0,0.336338534951,0.532969802618,-9.9383295e-05,-0.173080631765
26,1,-0.004231498582,0.153679480423,0.0,0.004231498582,-0.153679480423,0.0,-0.473619301796,0.503761609326,0.0,-0.777600017575,-0.144790775195,0.0,-0.353846083569,-0.395390780895,0.0,-1.526422480961,-0.230033444202,0.0,-0.309888192522,-0.516564510812,0.0,-1.676571920014,-0.344735761393,0.0,-0.516800968179,-0.594061469648,0.0,-1.686453944059,0.317989224762,0.0,0.319632917643,0.532788395882,-1.8138438e-05,-0.21085951292
27,1,-0.002632191916,0.111744904129,0.0,0.002632191916,-0.111744904129,0.0,-0.490938868335,0.464511785983,0.0,-0.753323886297,-0.136020096002,0.0,-0.362130685127,-0.3655629472,0.0,-1.45566683536,-0.212600944188,0.0,-0.314198313435,-0.460506378028,0.0,-1.583974747796,-0.311306001465,0.0,-0.5255865743,-0.603118948388,0.0,-1.599073640682,0.310850337521,0.0,0.307828843594,0.533519893885,3.1068921e-05,-0.2298302561
28,1,-0.002384069361,0.090080987872,0.0,0.002384069361,-0.090080987872,0.0,-0.503500034311,0.468279415884,0.0,-0.749441165026,-0.134232865866,0.0,-0.369183726667,-0.3630892276,0.0,-1.467451683962,-0.209475254232,0.0,-0.318971272197,-0.458985275563,0.0,-1.593383522629,-0.307130468024,0.0,-0.522809137537,-0.589039813904,0.0,-1.611194313061,0.337831323489,0.0,0.305549830198,0.532702207565,2.4095178e-05,-0.229298697684
29,1,-0.030090392426,0.109974851383,0.0,0.030090392426,-0.109974851383,0.0,-0.634424508233,0.612018346929,0.0,-0.937605503283,-0.169058969889,0.0,-0.461377217418,-0.456180243058,0.0,-1.85932582312,-0.263247173011,0.0,-0.402647556542,-0.576215267832,0.0,-2.016657592607,-0.381001764023,0.0,-0.654855257664,-0.741954476347,0.0,-2.038301031043,0.422462208841,0.0,0.312490552664,0.531378656626,-0.000171672553,-0.177237814583
30,1,-0.019403711691,0.10817345043,0.0,0.019403711691,-0.10817345043,0.0,-0.528240884504,0.538915905765,0.0,-0.789567440691,-0.155422939959,0.0,-0.389693373373,-0.389794127046,0.0,-1.593701236655,-0.234921275586,0.0,-0.327171220247,-0.505584289599,0.0,-1.72278955635,-0.333676101578,0.0,-0.542129844661,-0.649921817789,0.0,-1.743359237336,0.317494442183,0.0,0.321006834507,0.532161951065,-0.000164635479,-0.202027237879
31,1,-0.004192109568,0.141781733454,0.0,0.004192109568,-0.141781733454,0.0,-0.489813212503,0.562858054631,0.0,-0.748617790624,-0.151791087577,0.0,-0.379191702512,-0.398435693891,0.0,-1.574240697853,-0.231410492048,0.0,-0.329624322299,-0.516389999754,0.0,-1.698422194981,-0.330677424422,0.0,-0.569738169213,-0.646041980854,0.0,-1.733772849154,0.328767493991,0.0,0.335233539343,0.530783295631,-0.00019104965,-0.195266935592
32,1,-0.008692956387,0.15564990206,0.0,0.008692956387,-0.15564990206,0.0,-0.517010135694,0.597096502927,0.0,-0.819043995525,-0.169878094671,0.0,-0.427165338701,-0.433782377391,0.0,-1.666654760946,-0.251277484339,0.0,-0.392319052484,-0.559773256468,0.0,-1.802075854997,-0.358491701722,0.0,-0.629960927027,-0.684258266514,0.0,-1.840040998134,0.348787811136,0.0,0.338635027409,0.531565546989,-0.000153388828,-0.182510571082
33,1,-0.010608814321,0.168419242721,0.0,0.010608814321,-0.168419242721,0.0,-0.548020214547,0.632463322522,0.0,-0.86947762798,-0.177320082895,0.0,-0.482269340519,-0.46904095422,0.0,-1.770506384727,-0.270428109559,0.0,-0.42861246438,-0.599373095215,0.0,-1.916033330198,-0.384655326562,0.0,-0.716294234681,-0.71476939752,0.0,-1.954101126886,0.368987809523,0.0,0.339676514268,0.532066345215,-9.7222626e-05,-0.171357223071
34,1,-0.01121404176,0.162065196724,0.0,0.01121404176,-0.162065196724,0.0,-0.540243569736,0.607970976711,0.0,-0.879895783334,-0.144808682528,0.0,-0.488325348763,-0.483854667633,0.0,-1.729897897791,-0.260238313048,0.0,-0.432278677885,-0.606105384726,0.0,-1.871567061809,-0.371980956701,0.0,-0.712684079246,-0.696828494749,0.0,-1.908517196479,0.356805431877,0.0,0.338627070189,0.532539010048,-7.2773546e-05,-0.175993565719
35,1,0.003888971515,0.211782553136,0.0,-0.003888971515,-0.211782553136,0.0,-0.548127720467,0.681076141854,0.0,-0.93972972963,-0.198242506946,0.0,-0.469515480804,-0.583938227413,0.0,-1.920475024696,-0.310112361954,0.0,-0.435950781781,-0.726814079087,0.0,-2.083182887871,-0.434652422536,0.0,-0.723820751885,-0.899632657581,0.0,-2.127166173789,0.400376447592,0.0,0.35282151401,0.534870445728,-8.3653256e-05,-0.15130019589
36,1,-0.001424219986,0.208457638734,0.0,0.001424219986,-0.208457638734,0.0,-0.546856739379,0.671867371702,0.0,-0.931147524106,-0.197558380773,0.0,-0.486475215708,-0.568885789614,0.0,-1.902057940678,-0.307522275695,0.0,-0.435559011026,-0.715852968546,0.0,-2.066151330932,-0.43117827596,0.0,-0.727535576657,-0.880172227999,0.0,-2.10475358227,0.394118621839,0.0,0.351810723543,0.534745782614,-8.1490725e-05,-0.153320145909
37,1,0.008448830737,0.216696434932,0.0,-0.008448830737,-0.216696434932,0.0,-0.537356743669,0.695739784939,0.0,-0.929453134525,-0.205337241934,0.0,-0.50222372867,-0.589925420329,0.0,-1.942790649286,-0.321071495314,0.0,-0.449236405808,-0.742589450059,0.0,-2.113227334236,-0.449491141891,0.0,-0.758619678218,-0.910291073914,0.0,-2.150506100027,0.408861996823,0.0,0.356684610248,0.534762680531,-8.9339912e-05,-0.147820575652
38,1,-0.009647333455,0.193972257706,0.0,0.009647333455,-0.193972257706,0.0,-0.542758288772,0.643238408924,0.0,-0.860095935514,-0.173011151398,0.0,-0.561513640806,-0.545226312608,0.0,-1.853456539002,-0.295036682999,0.0,-0.554257421514,-0.69235053939,0.0,-2.023500795567,-0.426733700725,0.0,-0.812271568493,-0.719529963268,0.0,-2.056254465859,0.386967800449,0.0,0.350681826472,0.533361077309,-6.9152564e-05,-0.15732407099
39,1,-0.016987621371,0.14193519037,0.0,0.016987621371,-0.14193519037,0.0,-0.541492155884,0.550918591835,0.0,-0.785036601401,-0.155509696025,0.0,-0.561014298684,-0.489921391438,0.0,-1.671853051536,-0.269295534863,0.0,-0.536757333811,-0.618732735144,0.0,-1.820826284721,-0.385806226816,0.0,-0.789421777117,-0.627188603892,0.0,-1.849266068308,0.342357856733,0.0,0.341868981719,0.535336256027,-6.6947192e-05,-0.179676676709
40,1,-0.014666254715,0.112051736758,0.0,0.014666254715,-0.112051736758,0.0,-0.510401440742,0.444297372714,0.0,-0.692206498133,-0.117094876424,0.0,-0.584792641152,-0.419499975163,0.0,-1.463254897131,-0.234872415186,0.0,-0.538863754142,-0.539881581574,0.0,-1.590421169261,-0.338335307191,0.0,-0.801035291876,-0.510988493498,0.0,-1.617365352754,0.290911820578,0.0,0.334082499146,0.536327034235,-9.883195e-06,-0.210247404613
41,1,-0.016681355931,0.139653541838,0.0,0.016681355931,-0.139653541838,0.0,-0.623066351388,0.519820909534,0.0,-0.829746715114,-0.135913220126,0.0,-0.784155774822,-0.489279228958,0.0,-1.769105019015,-0.287324587157,0.0,-0.727286782464,-0.659985630987,0.0,-1.916775543785,-0.415971109706,0.0,-1.036847335808,-0.574267438011,0.0,-1.958671797204,0.356290976502,0.0,0.337702840567,0.536494880915,5.416572e-06,-0.171754974788
42,1,-0.021416629898,0.140038664948,0.0,0.021416629898,-0.140038664948,0.0,-0.647842486269,0.494307976087,0.0,-0.849235684354,-0.137490157755,0.0,-0.955810401474,-0.476017459007,0.0,-1.816502660578,-0.293367889639,0.0,-0.947834206708,-0.703956921839,0.0,-1.969512472845,-0.426862442836,0.0,-1.358810930877,-0.573045551834,0.0,-2.011737830202,0.404543968848,0.0,0.338625892997,0.53623649478,-1.4737248e-05,-0.166733495516
43,1,-0.011083111023,0.126394809623,0.0,0.011083111023,-0.126394809623,0.0,-0.599526720583,0.465297312406,0.0,-0.869521011642,-0.140574965882,0.0,-0.971321665829,-0.382161024686,0.0,-1.813400733731,-0.291959733118,0.0,-0.976347666253,-0.642594585079,0.0,-1.971902510732,-0.429650227951,0.0,-1.340889086201,-0.284180762322,0.0,-2.013928120928,0.440390935731,0.0,0.35102121532,0.534018337727,1.762062e-06,-0.160455785079
44,1,-0.026612575873,0.145934803865,0.0,0.026612575873,-0.145934803865,0.0,-0.68971649059,0.359827947764,0.0,-0.924571783697,-0.174104260057,0.0,-1.191669307227,-0.433864702301,0.0,-1.956443882295,-0.32800959189,0.0,-1.266706825255,-0.791899872557,0.0,-2.128265471989,-0.480291408105,0.0,-1.586798127962,-0.309139667711,0.0,-2.174055851809,0.464477041506,0.0,0.359125763178,0.534702986479,-5.3107738e-05,-0.144907465202
45,1,-0.027307060392,0.113474612257,0.0,0.027307060392,-0.113474612257,0.0,-0.771945775266,0.269780867753,0.0,-0.962900282968,-0.137960320472,0.0,-1.493095352236,-0.594279040644,0.0,-1.98536824527,-0.302100883583,0.0,-1.547691430963,-0.927002972997,0.0,-2.157911136748,-0.452716998302,0.0,-1.860320970413,-0.270707297029,0.0,-2.196390184147,0.492365535962,0.0,0.351023152471,0.531644791365,-8.4575266e-05,-0.14701242375
46,1,-0.021501626631,0.108853379743,0.0,0.021501626631,-0.108853379743,0.0,-0.738948414715,0.199138252791,0.0,-0.852744864709,-0.093989070906,0.0,-1.572675337255,-0.434041633837,0.0,-1.77016631994,-0.269582988539,0.0,-1.784744444394,-0.60352830475,0.0,-1.923717740458,-0.413606269019,0.0,-1.870390610582,0.091091229044,0.0,-1.950879338218,0.432104939525,0.0,0.351025521755,0.532231390476,-9.2562288e-05,-0.165577492975
47,1,-0.020552542644,0.094950291084,0.0,0.020552542644,-0.094950291084,0.0,-0.841385129252,0.073235685139,0.0,-0.932019997993,-0.06309145569,0.0,-1.826536975047,-0.344722877845,0.0,-1.921542643118,-0.258990768867,0.0,-2.003356451018,-0.496181590544,0.0,-2.085471797987,-0.414291354817,0.0,-2.031387826349,0.268634519321,0.0,-2.103330876081,0.476699511597,0.0,0.342350497842,0.528826236725,-0.000104408711,-0.157146112717
48,1,-0.008649390437,0.041200209094,0.0,0.008649390437,-0.041200209094,0.0,-0.731119287298,-0.012535564353,0.0,-0.768557151208,-0.029938622055,0.0,-1.532946953483,-0.191201029114,0.0,-1.578148165143,-0.166595421959,0.0,-1.6661761182,-0.303463258301,0.0,-1.713043276321,-0.31495776129,0.0,-1.675532170353,0.318038427747,0.0,-1.719679441219,0.407081838483,0.0,0.341315329075,0.525660216808,-6.5680593e-05,-0.192057632501
49,1,0.004806201862,-0.00503027019,0.0,-0.004806201862,0.00503027019,0.0,-0.721539132872,0.036124321372,0.0,-0.725765109727,0.026319454151,0.0,-1.456271227496,-0.102280884998,0.0,-1.493172347417,-0.095667255313,0.0,-1.573647033109,-0.199869940772,0.0,-1.617115721863,-0.231198264532,0.0,-1.586662837738,0.393455338929,0.0,-1.635654293482,0.448570478621,0.0,0.326427638531,0.516646176577,5.416572e-06,-0.210281712226
50,1,0.004409114297,0.01911246605,0.0,-0.004409114297,-0.01911246605,0.0,-0.740392693051,0.049789480669,0.0,-0.734867753453,0.02987873168,0.0,-1.470807841016,-0.088103945124,0.0,-1.516470475137,-0.091074520981,0.0,-1.599192137437,-0.208205932092,0.0,-1.641504674849,-0.229828562366,0.0,-1.61326685023,0.4041321901,0.0,-1.659391312634,0.456993395521,0.0,0.32127456367,0.51651969552,1.3861805e-05,-0.210371634394
51,1,0.00281471056,0.006627566727,0.0,-0.00281471056,-0.006627566727,0.0,-0.759874195695,0.053539409397,0.0,-0.745161234908,0.047273725857,0.0,-1.49551451414,-0.068881483589,0.0,-1.547601958398,-0.071436970831,0.0,-1.626135328422,-0.198551049808,0.0,-1.675756076216,-0.218543987816,0.0,-1.638509703111,0.435070380351,0.0,-1.691546822648,0.496491293874,0.0,0.317800432444,0.513814657927,-3.684312e-06,-0.208436535827
52,1,0.001319716733,0.012143183095,0.0,-0.001319716733,-0.012143183095,0.0,-0.773150306851,0.054966297269,0.0,-0.762565442459,0.057269312224,0.0,-1.537928280298,-0.070371302743,0.0,-1.600839421887,-0.064678585313,0.0,-1.662794102476,-0.198212830248,0.0,-1.73520767383,-0.214720948209,0.0,-1.679457817665,0.44953564324,0.0,-1.74830482485,0.529463050192,0.0,0.315111458302,0.511965960264,-1.6886741e-05,-0.203218685026
53,1,0.001028507276,0.00662564729,0.0,-0.001028507276,-0.00662564729,0.0,-0.775499466077,0.036688654062,0.0,-0.773117182476,0.058287232524,0.0,-1.558878009971,-0.076786984048,0.0,-1.625943790322,-0.065503805075,0.0,-1.694961779613,-0.205730592607,0.0,-1.762261848822,-0.217819213861,0.0,-1.702849405404,0.445231932098,0.0,-1.772131712963,0.53955549666,0.0,0.314483776689,0.511872440577,-8.489937e-06,-0.200472444183
54,1,0.000792874116,0.006663912864,0.0,-0.000792874116,-0.006663912864,0.0,-0.772118596808,0.025775125524,0.0,-0.769732033102,0.047874367007,0.0,-1.56238868942,-0.083846344988,0.0,-1.617744261228,-0.075176756742,0.0,-1.69923506576,-0.212432966543,0.0,-1.752470962874,-0.224972890781,0.0,-1.719362772279,0.426670625308,0.0,-1.764235454297,0.519054004655,0.0,0.315485075116,0.512757599354,-2.3506582e-05,-0.20077475331
55,1,0.000267420835,-0.00025951927,0.0,-0.000267420835,0.00025951927,0.0,-0.752924628483,0.018161129536,0.0,-0.75161978299,0.036162198024,0.0,-1.527416250712,-0.092716956359,0.0,-1.577948567167,-0.086489653736,0.0,-1.657568209382,-0.218002131306,0.0,-1.711722486959,-0.228625603378,0.0,-1.675707011562,0.40180455221,0.0,-1.723266600018,0.490665690138,0.0,0.315295979381,0.514399051666,-3.5528094e-05,-0.205557595097
56,1,-0.001016597987,-0.000620624569,0.0,0.001016597987,0.000620624569,0.0,-0.683853177026,0.01471439281,0.0,-0.684518886403,0.028461909734,0.0,-1.372564306395,-0.088034912451,0.0,-1.4194038139,-0.080733363579,0.0,-1.48844462605,-0.199458663358,0.0,-1.540728832454,-0.207652891405,0.0,-1.50182115942,0.350110318241,0.0,-1.547336204115,0.447583412966,0.0,0.311544746161,0.515224158764,-3.1679869e-05,-0.231359820982
57,1,0.002829283364,-0.00420720678,0.0,-0.002829283364,0.00420720678,0.0,-0.669430507302,0.017835678917,0.0,-0.682798419105,0.028643877115,0.0,-1.362541476626,-0.089012076722,0.0,-1.411904307753,-0.080861593927,0.0,-1.473597735366,-0.203752995622,0.0,-1.535877099649,-0.207194984666,0.0,-1.481230467925,0.361527203654,0.0,-1.539899840083,0.450912102027,0.0,0.315634563565,0.514842778444,-3.047287e-06,-0.229899413943
58,1,0.001603310638,-0.014937943038,0.0,-0.001603310638,0.014937943038,0.0,-0.64872685711,-0.00086205679,0.0,-0.667182896779,0.01118573993,0.0,-1.319599024476,-0.10239152329,0.0,-1.36902961329,-0.09709381747,0.0,-1.425710128455,-0.215246968624,0.0,-1.492348355718,-0.218941051331,0.0,-1.431581663871,0.352175259199,0.0,-1.491483674136,0.415893467508,0.0,0.314761534333,0.519383877516,-3.371388e-06,-0.238437443927
59,1,0.003006847768,-0.011431185203,0.0,-0.003006847768,0.011431185203,0.0,-0.660615097554,-0.001472873162,0.0,-0.684428435639,0.007248987742,0.0,-1.355695723275,-0.110813037844,0.0,-1.408201758586,-0.107373586702,0.0,-1.464637344292,-0.226621199209,0.0,-1.535864243921,-0.232896684494,0.0,-1.467865869902,0.358401883233,0.0,-1.534643502744,0.422716915415,0.0,0.315394923091,0.520417690277,4.600734e-06,-0.231438098146
60,1,0.004784632494,-0.009927718786,0.0,-0.004784632494,0.009927718786,0.0,-0.659549741213,0.004529658579,0.0,-0.687823011378,0.006404089434,0.0,-1.361062875539,-0.113043187416,0.0,-1.421391194161,-0.111359646816,0.0,-1.471362452914,-0.229591213222,0.0,-1.548695684972,-0.235365481447,0.0,-1.474802883662,0.358474404024,0.0,-1.546979357383,0.423253199998,0.0,0.315883502364,0.52069863677,4.775822e-06,-0.229968894203
61,1,0.003382293624,-0.012434681472,0.0,-0.003382293624,0.012434681472,0.0,-0.650303253442,-0.002778581654,0.0,-0.681165677841,0.002470427111,0.0,-1.342716508783,-0.12296733572,0.0,-1.40160846274,-0.118632409042,0.0,-1.449731719459,-0.237471815896,0.0,-1.526240390049,-0.239521157548,0.0,-1.44612932449,0.338228476179,0.0,-1.522648376622,0.404747824783,0.0,0.312765404582,0.522705644369,-4.373491e-06,-0.235397642026
62,1,0.004626363228,-0.009367581158,0.0,-0.004626363228,0.009367581158,0.0,-0.676191169368,0.003340016937,0.0,-0.709218291716,0.004043122875,0.0,-1.39677163722,-0.128259999744,0.0,-1.455831481097,-0.12307531871,0.0,-1.510701172256,-0.2466786262,0.0,-1.585612019957,-0.249383711574,0.0,-1.51341021359,0.355572356159,0.0,-1.582963372945,0.416165266359,0.0,0.313672363758,0.52256783843,2.130866e-06,-0.226005747304
63,1,0.003455343161,-0.013791247485,0.0,-0.003455343161,0.013791247485,0.0,-0.659534868171,-0.001590810955,0.0,-0.687055847059,0.001613088384,0.0,-1.345285903428,-0.129625904135,0.0,-1.401889306457,-0.123290380526,0.0,-1.457079105353,-0.247342497233,0.0,-1.526800369945,-0.244440102644,0.0,-1.456872026524,0.337968344291,0.0,-1.523886836642,0.396341790318,0.0,0.312571749091,0.523744165897,-1.2531877e-05,-0.235449464708
64,1,0.003673000963,-0.005724255809,0.0,-0.003673000963,0.005724255809,0.0,-0.645871321128,0.008467602247,0.0,-0.684805611512,0.004119189644,0.0,-1.342492529537,-0.127365576298,0.0,-1.397184318805,-0.120941647103,0.0,-1.453735669849,-0.241238588838,0.0,-1.522217734723,-0.242908100267,0.0,-1.456030173977,0.338769293313,0.0,-1.520512083401,0.382138681499,0.0,0.312766879797,0.523153066635,-6.109476e-06,-0.235846413779
65,1,0.002732171898,-0.004329063298,0.0,-0.002732171898,0.004329063298,0.0,-0.65622796082,0.00728357746,0.0,-0.692386523331,0.002611898849,0.0,-1.359606214493,-0.130729075945,0.0,-1.416740703394,-0.12428185287,0.0,-1.471009333996,-0.244480170642,0.0,-1.543443219048,-0.2473406636,0.0,-1.474687147155,0.340597690584,0.0,-1.541524982077,0.385101146003,0.0,0.311876103282,0.523546218872,-4.727393e-06,-0.233293216486
66,1,0.002059028353,-0.000258102648,0.0,-0.002059028353,0.000258102648,0.0,-0.648704896085,0.011539441113,0.0,-0.695125397448,0.0047608031,0.0,-1.36964622239,-0.129669096664,0.0,-1.432038579012,-0.123096812039,0.0,-1.478157982074,-0.244130090193,0.0,-1.558771741968,-0.246586635243,0.0,-1.489143757608,0.345244151699,0.0,-1.558178813891,0.390820058812,0.0,0.310853034258,0.523014575243,-5.483627e-06,-0.231511210544
67,1,0.00229485727,0.001389258718,0.0,-0.00229485727,-0.001389258718,0.0,-0.655452626349,0.024937933098,0.0,-0.694191990303,0.018110155698,0.0,-1.381782732512,-0.117126283769,0.0,-1.444843978774,-0.110751175977,0.0,-1.48996337789,-0.23324543925,0.0,-1.572444422659,-0.235218591193,0.0,-1.502200109759,0.360959601625,0.0,-1.573225540311,0.408950100847,0.0,0.310305804014,0.519981741905,-1.6346574e-05,-0.229836298929
68,1,0.002541408321,-0.001380088006,0.0,-0.002541408321,0.001380088006,0.0,-0.65556599548,0.022035990085,0.0,-0.692550057323,0.020995504887,0.0,-1.366691307057,-0.113271342394,0.0,-1.433828408008,-0.106176585562,0.0,-1.476558234528,-0.227504333621,0.0,-1.56077121495,-0.230340765429,0.0,-1.487318172725,0.364070467388,0.0,-1.561695574568,0.415029468629,0.0,0.311136290431,0.519207715988,-2.2627413e-05,-0.230974864625
69,1,0.002707175909,-0.002348838996,0.0,-0.002707175909,0.002348838996,0.0,-0.661395702274,0.019666905185,0.0,-0.69381536831,0.021542098277,0.0,-1.370027888246,-0.11232595355,0.0,-1.43591508432,-0.105776221826,0.0,-1.481116726265,-0.222847941872,0.0,-1.563967271181,-0.228054168715,0.0,-1.488968596416,0.367459766832,0.0,-1.563939607364,0.417945714804,0.0,0.311376184225,0.518991649151,-2.9236078e-05,-0.230542918711
70,1,0.001708341067,0.007253769771,0.0,-0.001708341067,-0.007253769771,0.0,-0.661241968262,0.028719362472,0.0,-0.692177850023,0.027886296114,0.0,-1.364466273024,-0.102783660095,0.0,-1.432916601776,-0.096557605591,0.0,-1.473965578681,-0.21327724994,0.0,-1.560292886734,-0.21701559327,0.0,-1.484205040724,0.369515269882,0.0,-1.561494856663,0.423998893928,0.0,0.31194832921,0.516899317503,-3.355369e-05,-0.230886995866
71,1,0.002070954742,0.008975610476,0.0,-0.002070954742,-0.008975610476,0.0,-0.660587418446,0.025895037206,0.0,-0.688546428423,0.025128429728,0.0,-1.357386343056,-0.111614154191,0.0,-1.423695840105,-0.099913910054,0.0,-1.467091152687,-0.215756831996,0.0,-1.549856576157,-0.217831181641,0.0,-1.473459477838,0.361277609593,0.0,-1.550878634054,0.429344513289,0.0,0.311842039227,0.517474293709,-3.3523887e-05,-0.232631564923
72,1,0.003981431138,0.012027172587,0.0,-0.003981431138,-0.012027172587,0.0,-0.723546690219,0.029652060638,0.0,-0.746263309367,0.023600476352,0.0,-1.481441178298,-0.125077313109,0.0,-1.550090136925,-0.113955911541,0.0,-1.601260299601,-0.237823469686,0.0,-1.688175827733,-0.238364010455,0.0,-1.603897262002,0.396858486654,0.0,-1.68736192617,0.467793505696,0.0,0.315095871687,0.517070323229,-3.4503639e-05,-0.21215668289
73,1,0.004907716682,0.011309629359,0.0,-0.004907716682,-0.011309629359,0.0,-0.727831814038,0.023892634741,0.0,-0.74973735619,0.018392810412,0.0,-1.498697965928,-0.14685245967,0.0,-1.567312100733,-0.126720081786,0.0,-1.617831345438,-0.262708428593,0.0,-1.708109671049,-0.252072170928,0.0,-1.624869730763,0.371257381394,0.0,-1.708702065848,0.454893017285,0.0,0.31808257103,0.518304675817,-4.567206e-06,-0.207571677404
74,1,0.002838082966,0.008009798718,0.0,-0.002838082966,-0.008009798718,0.0,-0.713104072384,0.011277710684,0.0,-0.728375805908,0.005020270557,0.0,-1.46373722798,-0.15368782359,0.0,-1.510103138355,-0.134910684498,0.0,-1.585730188003,-0.264393710863,0.0,-1.645006112915,-0.254886807548,0.0,-1.5837495602,0.346677602923,0.0,-1.645675225325,0.423932826102,0.0,0.316854685545,0.521034061909,-5.297363e-06,-0.216464804294
75,1,0.000431800762,0.014939367668,0.0,-0.000431800762,-0.014939367668,0.0,-0.721355889285,0.002774126635,0.0,-0.736178195877,-0.005357476846,0.0,-1.482588882638,-0.166818107428,0.0,-1.521207994267,-0.148756328816,0.0,-1.60067396711,-0.277551811536,0.0,-1.655417413716,-0.273437142319,0.0,-1.600872197895,0.337027673016,0.0,-1.65520316986,0.408251331313,0.0,0.315415650606,0.523615837097,-3.732741e-06,-0.21589045836
76,1,0.002602305659,0.01060666142,0.0,-0.002602305659,-0.01060666142,0.0,-0.700178798451,0.016698592249,0.0,-0.716860541142,0.023330252497,0.0,-1.438825819201,-0.164127476364,0.0,-1.487569690618,-0.141843527119,0.0,-1.558681351424,-0.282320881135,0.0,-1.620330082559,-0.265486133579,0.0,-1.559495565591,0.332891163202,0.0,-1.621453024127,0.406321268954,0.0,0.316967755556,0.522655576468,-9.257346e-06,-0.219322535767
77,1,-0.000259788695,0.007834966167,0.0,0.000259788695,-0.007834966167,0.0,-0.705126574098,0.020415967437,0.0,-0.720974092114,0.039663429237,0.0,-1.43927284981,-0.166186366251,0.0,-1.49160586935,-0.143897800595,0.0,-1.559321042742,-0.283811132841,0.0,-1.623678800519,-0.267273653008,0.0,-1.554897026052,0.329807726756,0.0,-1.623344281813,0.418650297296,0.0,0.315931260586,0.523106873035,-1.4871359e-05,-0.219339953943
78,1,-0.001565463308,0.008657519739,0.0,0.001565463308,-0.008657519739,0.0,-0.717041466085,0.036130097393,0.0,-0.733885631762,0.055045449231,0.0,-1.451598147894,-0.16486455253,0.0,-1.506422291927,-0.145981991729,0.0,-1.568974693386,-0.286945857208,0.0,-1.638923325873,-0.27084353729,0.0,-1.567050861089,0.338011791692,0.0,-1.640782948107,0.419426311005,0.0,0.316192835569,0.5233104527,-1.4923513e-05,-0.217216524089
79,1,-0.007563917465,0.009242021966,0.0,0.007563917465,-0.009242021966,0.0,-0.724296777303,0.057454689086,0.0,-0.752501201322,0.069978924459,0.0,-1.435218232384,-0.166130557531,0.0,-1.498140618076,-0.148311511162,0.0,-1.54701897045,-0.293436535556,0.0,-1.630925020694,-0.275647334993,0.0,-1.556340764616,0.335069371573,0.0,-1.634339270847,0.430410354048,0.0,0.318793535233,0.52461284399,-1.4919788e-05,-0.216683845011
80,1,-0.005984238331,0.011517207374,0.0,0.005984238331,-0.011517207374,0.0,-0.728044968715,0.10454233006,0.0,-0.754910635984,0.1164160304,0.0,-1.424616591594,-0.153331058514,0.0,-1.482110783369,-0.154441435001,0.0,-1.532063906625,-0.304910081119,0.0,-1.611043708936,-0.291880221327,0.0,-1.572787016612,0.346821873213,0.0,-1.653305573215,0.419970768252,0.0,0.320213839412,0.526281356812,-1.0471791e-05,-0.213510892445
81,1,-0.00655992004,0.038000894196,0.0,0.00655992004,-0.038000894196,0.0,-0.738081108491,0.170171298599,0.0,-0.738278100434,0.166025045161,0.0,-1.486628702206,-0.174201094169,0.0,-1.469226569408,-0.181112301785,0.0,-1.616229966545,-0.336543214476,0.0,-1.579150723741,-0.360284129871,0.0,-1.680856279984,0.35188915185,0.0,-1.70988211525,0.327321989232,0.0,0.320219218731,0.52927005291,-2.2854656e-05,-0.202422021628
82,1,-0.008653676126,0.041783559025,0.0,0.008653676126,-0.041783559025,0.0,-0.746935509483,0.210362133601,0.0,-0.70075226608,0.228751574168,0.0,-1.564679736102,-0.185102217021,0.0,-1.37784972102,-0.2002244129,0.0,-1.706619636731,-0.347164795471,0.0,-1.421887902664,-0.405908530917,0.0,-1.778545641523,0.317355383635,0.0,-1.731061809706,0.251641868078,0.0,0.320351913571,0.529631614685,-2.4382025e-05,-0.191771380963
83,1,-0.011262003781,0.033290948258,0.0,0.011262003781,-0.033290948258,0.0,-0.790726177507,0.154614346202,0.0,-0.673834127638,0.315401055163,0.0,-1.63676679637,-0.151052570947,0.0,-1.18248718974,-0.312223524248,0.0,-1.777836023408,-0.30690048633,0.0,-1.172545432064,-0.548457317934,0.0,-1.794208850712,0.356408508208,0.0,-1.563394973736,0.215005968285,0.0,0.323780909181,0.531350463629,-4.1268766e-05,-0.19134264786
84,1,-0.017389181073,0.001068031169,0.0,0.017389181073,-0.001068031169,0.0,-0.771785984992,0.117786730951,0.0,-0.607419070419,0.504574295874,0.0,-1.617801985636,-0.120581181335,0.0,-1.00928652651,-0.310970297754,0.0,-1.755463651588,-0.265079171471,0.0,-0.990305162176,-0.563152800213,0.0,-1.769770953976,0.410650740991,0.0,-1.420049464715,-0.131676684363,0.0,0.325493127108,0.526998102665,-6.8839639e-05,-0.193374594427
85,1,-0.016501864965,0.004391335534,0.0,0.016501864965,-0.004391335534,0.0,-0.743088130386,0.139646505929,0.0,-0.612997957813,0.442655906992,0.0,-1.612179565385,-0.114264336677,0.0,-0.914794269979,-0.328794596544,0.0,-1.751010610285,-0.253110805466,0.0,-0.947018476543,-0.59883450871,0.0,-1.768840317884,0.421305850891,0.0,-1.261114260785,-0.033263930944,0.0,0.325505256653,0.526676982641,-6.7695975e-05,-0.193221837448
86,1,-0.009880510412,0.015177935107,0.0,0.009880510412,-0.015177935107,0.0,-0.608575910433,0.553427588334,0.0,-0.715501046859,0.139773966646,0.0,-0.77371705972,-0.33354264253,0.0,-1.552450790158,-0.174531954653,0.0,-0.708500955389,-0.575769362439,0.0,-1.674588302486,-0.286837388937,0.0,-1.025139779251,-0.490678152152,0.0,-1.681566560953,0.382826650607,0.0,0.326658010483,0.528123140335,-3.0651689e-05,-0.193831771979
87,1,-0.008791507417,0.015840215792,0.0,0.008791507417,-0.015840215792,0.0,-0.624052725266,0.428559906654,0.0,-0.703255642458,0.166542011372,0.0,-1.495639746734,-0.226552693025,0.0,-0.712954165181,-0.304819029981,0.0,-1.367443143967,-0.485141515917,0.0,-0.652326909198,-0.451865803572,0.0,-1.620150383906,0.093098128198,0.0,-1.016610665327,-0.083677485185,0.0,0.327531248331,0.528594642878,-8.0376863e-05,-0.194549694716
88,1,-0.008826909122,0.02779138568,0.0,0.008826909122,-0.02779138568,0.0,-0.560198645202,0.612305576177,0.0,-0.745097862966,0.073450546466,0.0,-0.604505046486,-0.3682131609,0.0,-1.305958087319,-0.234196872161,0.0,-0.562693581576,-0.585203453671,0.0,-1.37248686096,-0.403869416703,0.0,-0.88573132358,-0.640994813799,0.0,-1.487936142104,0.18635933913,0.0,0.325946733356,0.530901908875,-3.3028424e-05,-0.194311319297
89,1,-0.019389930255,-0.018749691529,0.0,0.019389930255,0.018749691529,0.0,-0.707326769697,0.050971698108,0.0,-0.558287216704,0.57038031393,0.0,-1.506982375449,-0.214786148561,0.0,-0.52049432075,-0.300076457573,0.0,-1.647541528455,-0.319823214601,0.0,-0.42722031462,-0.49180391109,0.0,-1.61646722317,0.215031791772,0.0,-0.78857084609,-0.587155783567,0.0,0.321751490235,0.529726445675,-3.1258911e-05,-0.203581026675
90,1,-0.019106376385,-0.054390460449,0.0,0.019106376385,0.054390460449,0.0,-0.760483482553,-0.001580351636,0.0,-0.541727314348,0.668945621072,0.0,-1.611467636565,-0.184557508591,0.0,-0.48421554707,-0.322450304187,0.0,-1.757107450699,-0.283793255403,0.0,-0.402646933181,-0.501779620095,0.0,-1.7226692667,0.328253265518,0.0,-0.759333795462,-0.66672204385,0.0,0.319793760777,0.528457403183,-8.5446984e-05,-0.198952241998
91,1,-0.020514221927,-0.077304407139,0.0,0.020514221927,0.077304407139,0.0,-0.767868263235,-0.017558047321,0.0,-0.517693153994,0.704109523151,0.0,-1.602109086378,-0.165540883963,0.0,-0.476974957577,-0.320229929533,0.0,-1.742894983322,-0.260083303065,0.0,-0.400901900565,-0.492606786528,0.0,-1.704260575973,0.339302435181,0.0,-0.746087321194,-0.655392222417,0.0,0.319480374455,0.527820944786,-9.9636614e-05,-0.200957207384
92,1,-0.021922281131,-0.088132445348,0.0,0.021922281131,0.088132445348,0.0,-0.779455324132,-0.01032043221,0.0,-0.503137976546,0.71587414523,0.0,-1.59764700248,-0.144229546602,0.0,-0.486855328592,-0.30771725043,0.0,-1.734805073618,-0.240735289554,0.0,-0.403057231988,-0.475630206608,0.0,-1.70350889223,0.352567350955,0.0,-0.764754575714,-0.633293597081,0.0,0.319185242057,0.524897962809,-0.000107675791,-0.202280567173
93,1,-0.027505468696,-0.083684762733,0.0,0.027505468696,0.083684762733,0.0,-0.774014678194,-0.014479012065,0.0,-0.494323943923,0.700504930289,0.0,-1.565893010239,-0.137044903672,0.0,-0.48480023011,-0.306206015984,0.0,-1.706413749474,-0.237856934137,0.0,-0.401999916121,-0.477735839402,0.0,-1.695210441173,0.364896120521,0.0,-0.770250571391,-0.565680820542,0.0,0.316842883825,0.525155127048,-0.00010573864,-0.204904946574
94,1,-0.030858319128,-0.079221979109,0.0,0.030858319128,0.079221979109,0.0,-0.775295357266,-0.01944479466,0.0,-0.488460880294,0.677157685416,0.0,-1.531326885821,-0.129641584007,0.0,-0.475976552647,-0.303887790085,0.0,-1.668613524478,-0.233452267344,0.0,-0.389405145875,-0.480443124479,0.0,-1.652006608115,0.362537087193,0.0,-0.739679766437,-0.537628786453,0.0,0.315561786294,0.525439172983,-0.000110052526,-0.211702178216
95,1,-0.031244186989,-0.078822997286,0.0,0.031244186989,0.078822997286,0.0,-0.782184032547,-0.013160710925,0.0,-0.499756760912,0.69018111868,0.0,-1.549263741842,-0.125752798696,0.0,-0.482828469455,-0.305065475573,0.0,-1.689240248924,-0.231142054374,0.0,-0.400289391246,-0.481781832368,0.0,-1.670382287024,0.36814068902,0.0,-0.747983739533,-0.540145258359,0.0,0.315627425909,0.524283379316,-0.000103715807,-0.209485874845
96,1,-0.030554100777,-0.079391063671,0.0,0.030554100777,0.079391063671,0.0,-0.778750409161,-0.01788576891,0.0,-0.491836986659,0.677629878684,0.0,-1.527291162128,-0.112461086284,0.0,-0.486105668385,-0.297867400897,0.0,-1.65759038285,-0.226045482535,0.0,-0.405327773053,-0.477243915741,0.0,-1.641828108519,0.400302266714,0.0,-0.730921221751,-0.529750473933,0.0,0.315884485841,0.523881018162,-0.000103045255,-0.213970975828
97,1,-0.030858673374,-0.0788770829,0.0,0.030858673374,0.0788770829,0.0,-0.785294297887,-0.017728903991,0.0,-0.497933928661,0.677033152667,0.0,-1.53576246296,-0.114483222875,0.0,-0.490331913972,-0.308514674736,0.0,-1.669881273998,-0.228917142219,0.0,-0.410953367797,-0.485159538013,0.0,-1.656630844404,0.403032214576,0.0,-0.745487665538,-0.53122996639,0.0,0.315211623907,0.523996919394,-0.000108439475,-0.212167662597
98,1,-0.032082555684,-0.076859804316,0.0,0.032082555684,0.076859804316,0.0,-0.81071233775,-0.010603148958,0.0,-0.506762844172,0.693342252113,0.0,-1.562497871266,-0.111237590486,0.0,-0.503332093669,-0.308260261358,0.0,-1.701712081265,-0.229347989942,0.0,-0.419385774172,-0.488242975054,0.0,-1.686930711047,0.415877728723,0.0,-0.758202731719,-0.53229379433,0.0,0.315432727337,0.522796094418,-0.000105913728,-0.20820577377
99,1,-0.031507209864,-0.076930341611,0.0,0.031507209864,0.076930341611,0.0,-0.795928024866,-0.017874994828,0.0,-0.489909457022,0.672374633924,0.0,-1.523671698187,-0.109259123574,0.0,-0.490615832015,-0.313337103392,0.0,-1.661970388359,-0.225880826599,0.0,-0.409820637959,-0.510511480251,0.0,-1.640826248804,0.4258138013,0.0,-0.73905494195,-0.548962504043,0.0,0.316128864884,0.52317777276,-0.000116955489,-0.21382151301
100,1,-0.030984346796,-0.077569266069,0.0,0.030984346796,0.077569266069,0.0,-0.798378247847,-0.018188737285,0.0,-0.493617923713,0.680503937815,0.0,-1.538198896296,-0.111837776713,0.0,-0.503842664264,-0.317078356455,0.0,-1.67839212151,-0.229152336628,0.0,-0.424402199232,-0.525049844696,0.0,-1.654249941571,0.427758087903,0.0,-0.786653498408,-0.55393927603,0.0,0.316737785935,0.523150086403,-0.000115852803,-0.21107866473
101,1,-0.028763956759,-0.074921018721,0.0,0.028763956759,0.074921018721,0.0,-0.796123188861,-0.02150222172,0.0,-0.490071352422,0.676308865453,0.0,-1.530817245215,-0.114526274066,0.0,-0.513772940862,-0.343701754138,0.0,-1.672758894316,-0.237929052769,0.0,-0.425563417012,-0.552948569544,0.0,-1.645845973592,0.423108306693,0.0,-0.803535519055,-0.547216215098,0.0,0.318246275187,0.52373701334,-0.000109255314,-0.211156050301
102,1,-0.02528375034,-0.073455212886,0.0,0.02528375034,0.073455212886,0.0,-0.815723706008,-0.022130272217,0.0,-0.522848541878,0.703053691697,0.0,-1.593661599901,-0.123796045272,0.0,-0.545505877213,-0.363532180675,0.0,-1.749700764817,-0.253600580426,0.0,-0.45737062881,-0.569894821831,0.0,-1.720701464259,0.425769538206,0.0,-0.847968754112,-0.57345461177,0.0,0.319866687059,0.524398177862,-0.000101797283,-0.200901273024
103,1,-0.02543401523,-0.059421157317,0.0,0.02543401523,0.059421157317,0.0,-0.807821304529,-0.026435450709,0.0,-0.527308271675,0.677970714258,0.0,-1.580243894559,-0.130071535242,0.0,-0.548467565298,-0.370150533161,0.0,-1.73580565744,-0.262183367266,0.0,-0.456215709115,-0.577960956301,0.0,-1.708508381362,0.414499692368,0.0,-0.845699774548,-0.597663442364,0.0,0.320112332702,0.525802642107,-0.000102572143,-0.202261142465
104,1,-0.025227771769,-0.047582210992,0.0,0.025227771769,0.047582210992,0.0,-0.808338683719,-0.033148242337,0.0,-0.536088848688,0.629661463504,0.0,-1.572356414546,-0.136290102977,0.0,-0.571238819148,-0.373273391922,0.0,-1.725985198829,-0.268467652517,0.0,-0.464808792701,-0.584714301547,0.0,-1.701012207121,0.411791738085,0.0,-0.865850938428,-0.593963367651,0.0,0.320297792554,0.527246654034,-0.00010009855,-0.203240139428
105,1,-0.024222403789,-0.031574087342,0.0,0.024222403789,0.031574087342,0.0,-0.795347141636,-0.036253666543,0.0,-0.542838604827,0.593493434013,0.0,-1.571984999551,-0.143350668912,0.0,-0.584600985054,-0.381494248863,0.0,-1.727319709476,-0.275222562111,0.0,-0.485097062611,-0.608390388231,0.0,-1.705885591681,0.401264663153,0.0,-0.883932045942,-0.580171468112,0.0,0.319853290915,0.528750300407,-9.7878277e-05,-0.202903284743
106,1,-0.021260687439,-0.00443380982,0.0,0.021260687439,0.00443380982,0.0,-0.787557736267,-0.018882862555,0.0,-0.551983828101,0.53691703592,0.0,-1.583104015719,-0.143454693286,0.0,-0.64785496835,-0.384761960842,0.0,-1.736590006754,-0.279008327365,0.0,-0.561257278251,-0.6130380553,0.0,-1.720467088982,0.403067592674,0.0,-0.941635228988,-0.489706757759,0.0,0.321515634656,0.529278993607,-8.9716166e-05,-0.200478618532
107,1,-0.020747712577,0.008317243255,0.0,0.020747712577,-0.008317243255,0.0,-0.776904705935,0.006719438974,0.0,-0.557638173813,0.498767896389,0.0,-1.588677981101,-0.140952021894,0.0,-0.743754597607,-0.38935100588,0.0,-1.739813242727,-0.274337021908,0.0,-0.683654458869,-0.621765376648,0.0,-1.729179631247,0.420800423278,0.0,-1.003510983478,-0.268022857776,0.0,0.321315526962,0.528898358345,-7.7743083e-05,-0.199576915262
108,1,-0.021179933021,0.025662584184,0.0,0.021179933021,-0.025662584184,0.0,-0.747471940182,0.100269983918,0.0,-0.553122040245,0.454119896228,0.0,-1.565801453673,-0.133124074639,0.0,-0.790155293473,-0.377594289389,0.0,-1.710834667858,-0.268166798911,0.0,-0.744717061998,-0.62067614938,0.0,-1.708845066394,0.417202522446,0.0,-1.053358709373,-0.121947022287,0.0,0.321156769991,0.528400748968,-6.9778413e-05,-0.202037308305
109,1,-0.019854235613,0.020103075366,0.0,0.019854235613,-0.020103075366,0.0,-0.747445790035,0.097988447375,0.0,-0.557034111062,0.460333541771,0.0,-1.557612433987,-0.132376277593,0.0,-0.878714642486,-0.371511868512,0.0,-1.706264184457,-0.269029451674,0.0,-0.863642336288,-0.618618273223,0.0,-1.699363734568,0.436206380517,0.0,-1.166711066044,-0.044829687466,0.0,0.320895969868,0.528328835964,-6.2916428e-05,-0.20264257969
110,1,-0.019079157913,0.019186919054,0.0,0.019079157913,-0.019186919054,0.0,-0.735745550038,0.087160032275,0.0,-0.56147910896,0.458613496279,0.0,-1.553166920293,-0.12983344445,0.0,-0.956592130332,-0.35164965465,0.0,-1.700883278487,-0.267829409747,0.0,-0.947492594402,-0.60112308879,0.0,-1.701185332894,0.42832078887,0.0,-1.327336589195,-0.110918609424,0.0,0.320589736104,0.528357923031,-6.3095242e-05,-0.202856086107
111,1,-0.016663439389,0.013177686631,0.0,0.016663439389,-0.013177686631,0.0,-0.731028290858,0.078787939986,0.0,-0.602369325941,0.404415508411,0.0,-1.560087686486,-0.123119271518,0.0,-1.072955406643,-0.321810624796,0.0,-1.700570979366,-0.267915597786,0.0,-1.067613533251,-0.569224503158,0.0,-1.701723585188,0.429620915407,0.0,-1.443128403865,0.131003329963,0.0,0.321648433805,0.529346197844,-5.8107078e-05,-0.203231885205
112,1,-0.017600846796,0.008988800663,0.0,0.017600846796,-0.008988800663,0.0,-0.730144921348,0.089519255659,0.0,-0.630955167682,0.350647813913,0.0,-1.592447710517,-0.116155382483,0.0,-1.212527883176,-0.280290685813,0.0,-1.720842071517,-0.270074183773,0.0,-1.180622920231,-0.520577985224,0.0,-1.718084736464,0.415722154739,0.0,-1.593500655357,0.174170440394,0.0,0.322172150016,0.529969662428,-5.2433461e-05,-0.20293812482
113,1,-0.014851329388,0.01036854745,0.0,0.014851329388,-0.01036854745,0.0,-0.723752913649,0.126780041806,0.0,-0.655651158944,0.303078951964,0.0,-1.535925230515,-0.134196110833,0.0,-1.285127802874,-0.260531690309,0.0,-1.698962555662,-0.284083862644,0.0,-1.316691797002,-0.488659448271,0.0,-1.753305542865,0.339837300868,0.0,-1.646568272919,0.1392829344,0.0,0.319798901677,0.529593497515,-5.216524e-05,-0.199548320696
114,1,-0.012096663608,0.027672019029,0.0,0.012096663608,-0.027672019029,0.0,-0.721328102084,0.162385255837,0.0,-0.684423725891,0.240019984159,0.0,-1.473916650792,-0.162203738001,0.0,-1.386797690557,-0.22302331408,0.0,-1.575650647088,-0.365325946616,0.0,-1.454722864827,-0.432958442127,0.0,-1.741395933078,0.254324489707,0.0,-1.702015863626,0.235508140829,0.0,0.320496633649,0.529378771782,-4.767254e-05,-0.198662626913
115,1,-0.011109414626,0.033552808861,0.0,0.011109414626,-0.033552808861,0.0,-0.721171458475,0.156690796695,0.0,-0.712872363405,0.193329258703,0.0,-1.473455013708,-0.181272987058,0.0,-1.483783056014,-0.199908510988,0.0,-1.583637271889,-0.380236662785,0.0,-1.597858173247,-0.390828432289,0.0,-1.72758409944,0.261805778624,0.0,-1.741065785891,0.294652619277,0.0,0.320745542645,0.529757201672,-3.1020492e-05,-0.199000672187
116,1,-0.008754864786,0.045912814088,0.0,0.008754864786,-0.045912814088,0.0,-0.714161177862,0.146123158148,0.0,-0.732137661945,0.149012745816,0.0,-1.466960160926,-0.169823635496,0.0,-1.515296991701,-0.170937484849,0.0,-1.571100711109,-0.372440214962,0.0,-1.617709292696,-0.374286373292,0.0,-1.700069938289,0.260571659915,0.0,-1.751495485598,0.321539119235,0.0,0.320476531982,0.530512958765,-2.1029264e-05,-0.201447067124
117,1,-0.008022980057,0.051554092271,0.0,0.008022980057,-0.051554092271,0.0,-0.72573338372,0.145869977983,0.0,-0.749613386516,0.121414018552,0.0,-1.48781383464,-0.148541797303,0.0,-1.562824774884,-0.128609862934,0.0,-1.581157747439,-0.317640158002,0.0,-1.685477137074,-0.298137425633,0.0,-1.702227224455,0.341544496994,0.0,-1.756575996962,0.421753648671,0.0,0.317790448666,0.529573500156,-1.8686056e-05,-0.202060470932
118,1,-0.006538984042,0.05373508618,0.0,0.006538984042,-0.05373508618,0.0,-0.733686599948,0.109975110516,0.0,-0.752514094889,0.093540963483,0.0,-1.506070477747,-0.110783117389,0.0,-1.57658470594,-0.085597315287,0.0,-1.609647844757,-0.250509005934,0.0,-1.700979204483,-0.237994247268,0.0,-1.68205793868,0.420082948823,0.0,-1.738925439069,0.491299143941,0.0,0.316703140736,0.528269052505,-1.9002706e-05,-0.204040897236
119,1,-0.006103907398,0.043092190514,0.0,0.006103907398,-0.043092190514,0.0,-0.741937844852,0.073173414813,0.0,-0.759699597071,0.094871664814,0.0,-1.524983721611,-0.093715751588,0.0,-1.584662225557,-0.056946660976,0.0,-1.644670494537,-0.227340304036,0.0,-1.710938513821,-0.208371293597,0.0,-1.665359489972,0.462373679206,0.0,-1.724388009679,0.560051818023,0.0,0.31665109098,0.52607178688,-1.8239021e-05,-0.206053668339
120,1,-0.004799069565,0.037740534374,0.0,0.004799069565,-0.037740534374,0.0,-0.733516432919,0.062095603933,0.0,-0.751361599172,0.079246910071,0.0,-1.50137971894,-0.075294352674,0.0,-1.55049636482,-0.050308321299,0.0,-1.620590794947,-0.201275405853,0.0,-1.67317886157,-0.196623334561,0.0,-1.619560110905,0.479018606359,0.0,-1.681368644174,0.542384755939,0.0,0.316267520189,0.524548083544,-1.1384487e-05,-0.210848840245
121,1,-0.004132198181,0.032727638591,0.0,0.004132198181,-0.032727638591,0.0,-0.727812523671,0.05956201724,0.0,-0.749916597189,0.076127269716,0.0,-1.486152298057,-0.066856751146,0.0,-1.536563891259,-0.047555625557,0.0,-1.600207313511,-0.18286625988,0.0,-1.653287426694,-0.188427624738,0.0,-1.58903532138,0.481299223395,0.0,-1.656353942458,0.531782901148,0.0,0.315399438143,0.523626834154,-1.0360032e-05,-0.214159660859
122,1,-0.005742177856,0.027910664416,0.0,0.005742177856,-0.027910664416,0.0,-0.715052224593,0.055587710219,0.0,-0.73875842996,0.071022221385,0.0,-1.454827057753,-0.062434303843,0.0,-1.504413960251,-0.046267030592,0.0,-1.563868815607,-0.173023514613,0.0,-1.616854274056,-0.181823960199,0.0,-1.548253682642,0.478161328999,0.0,-1.616897807154,0.518176898567,0.0,0.313681572676,0.523311018944,-1.0222197e-05,-0.220437971523
123,1,-0.002704598006,0.022363646862,0.0,0.002704598006,-0.022363646862,0.0,-0.707329916502,0.056019166546,0.0,-0.739139424744,0.072985024954,0.0,-1.45125521482,-0.05568633424,0.0,-1.498977730889,-0.04143144865,0.0,-1.561816201933,-0.167182338561,0.0,-1.617353835287,-0.17821062967,0.0,-1.542119776546,0.481483535314,0.0,-1.612154135738,0.524854268976,0.0,0.312181994319,0.522013306618,-8.255243e-06,-0.222063057251
124,1,-0.000664155206,0.012566836129,0.0,0.000664155206,-0.012566836129,0.0,-0.691888328327,0.046431497121,0.0,-0.724288107458,0.068059835537,0.0,-1.431936927347,-0.056012529977,0.0,-1.480597094799,-0.041361315378,0.0,-1.541228961007,-0.165564661696,0.0,-1.595350921508,-0.169891820218,0.0,-1.521401342428,0.474935996973,0.0,-1.591668816826,0.515654521392,0.0,0.313776686788,0.52217784524,-8.47131e-06,-0.223891473194
125,1,0.004194038529,0.003016521149,0.0,-0.004194038529,-0.003016521149,0.0,-0.643186053534,0.031363891828,0.0,-0.680027635758,0.051731483544,0.0,-1.351443352989,-0.062594028628,0.0,-1.40074013697,-0.049027995196,0.0,-1.459477519653,-0.16720427116,0.0,-1.517856602537,-0.172882210481,0.0,-1.442174785034,0.424619787505,0.0,-1.516510868388,0.490177142166,0.0,0.318308249116,0.524217665195,-2.2627413e-05,-0.233062110447
126,1,0.005069690131,-0.013934007504,0.0,-0.005069690131,0.013934007504,0.0,-0.636650674675,0.010448752104,0.0,-0.67302478703,0.032213749982,0.0,-1.311608847831,-0.0838445284,0.0,-1.358477804937,-0.067281486508,0.0,-1.417550541771,-0.189657839288,0.0,-1.47779112599,-0.19021458335,0.0,-1.404047149808,0.387873379647,0.0,-1.47948027119,0.459986076941,0.0,0.321091711521,0.528866589069,-1.9282103e-05,-0.237939355204
127,1,0.004306832477,-0.01670523677,0.0,-0.004306832477,0.01670523677,0.0,-0.638775411534,-0.003186113226,0.0,-0.673132054341,0.016857430905,0.0,-1.305196538972,-0.102381816639,0.0,-1.353785326126,-0.085599112805,0.0,-1.410214477593,-0.207374348056,0.0,-1.475724711843,-0.205929375589,0.0,-1.39687444993,0.368872999822,0.0,-1.474075734472,0.44032951622,0.0,0.320833489299,0.532673060894,-1.9200146e-05,-0.23928936518
128,1,0.00392519935,-0.019254586888,0.0,-0.00392519935,0.019254586888,0.0,-0.648796299851,-0.02031465123,0.0,-0.685215832413,-0.00145440228,0.0,-1.308834292172,-0.127031793385,0.0,-1.358626328998,-0.106286569108,0.0,-1.415255555924,-0.231300691701,0.0,-1.481170966482,-0.225621400735,0.0,-1.400762262274,0.350457971297,0.0,-1.477977778795,0.421965833509,0.0,0.320950463414,0.537150204182,-1.9121915e-05,-0.238516562659
129,1,0.004523178385,-0.023368225238,0.0,-0.004523178385,0.023368225238,0.0,-0.63481899595,-0.036365714758,0.0,-0.66620339738,-0.018339135068,0.0,-1.256467448089,-0.138382525427,0.0,-1.298947261473,-0.117939872007,0.0,-1.366239181935,-0.240153522416,0.0,-1.416643143343,-0.235884971505,0.0,-1.34696991805,0.327531411165,0.0,-1.413363925633,0.390120534195,0.0,0.327022328973,0.540666788816,-1.7009676e-05,-0.245146225413
130,1,0.002083523396,-0.020804953434,0.0,-0.002083523396,0.020804953434,0.0,-0.64851859168,-0.047994877902,0.0,-0.673890691936,-0.031311798676,0.0,-1.265612577323,-0.151122150211,0.0,-1.309619609565,-0.130888803708,0.0,-1.381809618525,-0.250077163507,0.0,-1.428565228774,-0.247526401706,0.0,-1.360261551261,0.33367424278,0.0,-1.424352264795,0.390103487474,0.0,0.331190019846,0.543187916279,-8.620322e-06,-0.240146662906
131,1,0.005904820284,-0.018023828854,0.0,-0.005904820284,0.018023828854,0.0,-0.737266260768,-0.063921898655,0.0,-0.769938925135,-0.046453491144,0.0,-1.469462442961,-0.192243698657,0.0,-1.525847750761,-0.165419131997,0.0,-1.61578768235,-0.312651932621,0.0,-1.670007107527,-0.308926179126,0.0,-1.590889230446,0.407238823019,0.0,-1.66372347241,0.475196456389,0.0,0.34948015213,0.54405978322,-7.5254589e-05,-0.194399828643
132,1,-0.002235729121,-0.011796195356,0.0,0.002235729121,0.011796195356,0.0,-0.786694645259,-0.076998066825,0.0,-0.822738036375,-0.058844127293,0.0,-1.577428735331,-0.215405530862,0.0,-1.636459879289,-0.18708229292,0.0,-1.735487588076,-0.344608386671,0.0,-1.78773941907,-0.342344284309,0.0,-1.722599393041,0.409752853729,0.0,-1.785160003651,0.475348496433,0.0,0.349062219262,0.545714765787,-0.000140812248,-0.181188348466
133,1,0.018152867019,0.013917403305,0.0,-0.018152867019,-0.013917403305,0.0,-0.018574155572,-0.022966127214,0.0,-0.839736186203,-0.09133973692,0.0,-0.152823918974,-0.241460088352,0.0,-1.684111164748,-0.219183964394,0.0,-0.249095622648,-0.366056648047,0.0,-1.841281043744,-0.38411287356,0.0,0.009346003448,0.028426628936,0.0,-1.838626737714,0.460424086414,0.0,0.352117240429,0.550048112869,-0.000168750063,-0.174234784344
134,1,0.006100515525,0.009271114517,0.0,-0.006100515525,-0.009271114517,0.0,-0.520884456518,-0.026696786226,0.0,-0.672598775929,-0.065508925778,0.0,-1.186289573815,-0.182778838256,0.0,-1.349002166005,-0.167710284986,0.0,-1.318704953306,-0.287225215431,0.0,-1.469161576059,-0.299214210466,0.0,-1.319619285043,0.186593655246,0.0,-1.467534614952,0.362370596003,0.0,0.338170647621,0.54958692193,-8.34465e-06,-0.227836599366
135,1,0.00836814615,0.00659493805,0.0,-0.00836814615,-0.00659493805,0.0,-0.580898958225,-0.02694856252,0.0,-0.639900303396,-0.053556382455,0.0,-1.240855076084,-0.167517356736,0.0,-1.297057834955,-0.154931625391,0.0,-1.34486458783,-0.254915111542,0.0,-1.410749723902,-0.279093503568,0.0,-1.348749893409,0.245502190315,0.0,-1.409240473935,0.345901906258,0.0,0.332570359111,0.548718094826,4.928559e-06,-0.241222579635
136,1,0.004582954406,0.000371287997,0.0,-0.004582954406,-0.000371287997,0.0,-0.611140284086,-0.029855242532,0.0,-0.644880011297,-0.044693747449,0.0,-1.2528973066,-0.158326432906,0.0,-1.28793937376,-0.140897227127,0.0,-1.362149733663,-0.242329950574,0.0,-1.400019904268,-0.261951454712,0.0,-1.340198068957,0.267747572463,0.0,-1.396234959961,0.349871753451,0.0,0.326921761036,0.547122389078,-1.072884e-06,-0.247303861201
137,1,0.004553953107,0.000212325583,0.0,-0.004553953107,-0.000212325583,0.0,-0.640189592561,-0.016838629505,0.0,-0.671781791879,-0.031763332989,0.0,-1.294094718753,-0.149933192239,0.0,-1.333281458404,-0.135694521325,0.0,-1.40713056788,-0.240574746349,0.0,-1.449185263198,-0.261772478735,0.0,-1.388108891864,0.307386404897,0.0,-1.445303736848,0.372182780357,0.0,0.327365070581,0.543596535921,-1.5992671e-05,-0.238754792169
138,1,0.005714594172,0.010059678591,0.0,-0.005714594172,-0.010059678591,0.0,-0.666525221101,-0.006704710988,0.0,-0.698417927944,-0.020351134093,0.0,-1.323243373686,-0.143141419327,0.0,-1.377988595899,-0.130577811061,0.0,-1.444515322651,-0.235402263893,0.0,-1.496771268484,-0.256374570302,0.0,-1.434181818562,0.333770092405,0.0,-1.49540507165,0.390308368325,0.0,0.322820112109,0.540842920542,-2.1710992e-05,-0.233890529297
139,1,0.00443414136,0.013147749961,0.0,-0.00443414136,-0.013147749961,0.0,-0.665212260633,0.005123459714,0.0,-0.696164049165,-0.007912606151,0.0,-1.332244175206,-0.13202306807,0.0,-1.393795863831,-0.11954812161,0.0,-1.450245298583,-0.225002455709,0.0,-1.514031954333,-0.243853420226,0.0,-1.434372276748,0.352272587942,0.0,-1.510527464191,0.409234818486,0.0,0.321928277612,0.537922054529,-2.9407442e-05,-0.231888147518
140,1,0.005427677788,0.016337818485,0.0,-0.005427677788,-0.016337818485,0.0,-0.676967750836,0.008195379938,0.0,-0.709049838434,-0.004216873945,0.0,-1.364922552249,-0.131704746839,0.0,-1.425110065182,-0.11876360583,0.0,-1.478985700089,-0.229498030815,0.0,-1.549149636159,-0.244423947189,0.0,-1.468152205883,0.372667617696,0.0,-1.546550767001,0.423014089954,0.0,0.322608947754,0.537094950676,-2.0269305e-05,-0.226298052841
141,1,0.006410994761,0.013053761675,0.0,-0.006410994761,-0.013053761675,0.0,-0.664115592439,0.011090047416,0.0,-0.691651201651,-0.000346952781,0.0,-1.342966865892,-0.125724015676,0.0,-1.396616155102,-0.113178818798,0.0,-1.459039950676,-0.222571555461,0.0,-1.518258954319,-0.23528144268,0.0,-1.444243472761,0.368437815406,0.0,-1.514426953849,0.416837279364,0.0,0.320501029491,0.536263793707,-2.078712e-05,-0.232352315901
142,1,0.005269794348,0.0109329244,0.0,-0.005269794348,-0.0109329244,0.0,-0.661867541157,0.009049395193,0.0,-0.690396540062,0.001212222691,0.0,-1.338064458601,-0.12398542381,0.0,-1.389345807817,-0.111498002077,0.0,-1.448684363233,-0.223180384243,0.0,-1.509977755072,-0.232259830335,0.0,-1.437904240012,0.369111877473,0.0,-1.507164685356,0.414320143805,0.0,0.319796010852,0.536057293415,-2.7876347e-05,-0.234047845441
143,1,0.005158420647,0.008504300544,0.0,-0.005158420647,-0.008504300544,0.0,-0.663234234247,0.009369716826,0.0,-0.69280275175,0.003606924126,0.0,-1.341142887915,-0.123199833312,0.0,-1.393701071309,-0.110218333345,0.0,-1.452029719534,-0.223938866238,0.0,-1.5154004917,-0.230772176834,0.0,-1.442490704369,0.374328856704,0.0,-1.51259811829,0.418645637881,0.0,0.320005938411,0.535483539104,-2.8494745e-05,-0.233069474334
144,1,0.003937757708,0.008171682996,0.0,-0.003937757708,-0.008171682996,0.0,-0.662623607493,0.008806473079,0.0,-0.69175467608,0.004212189384,0.0,-1.337221918508,-0.122711253225,0.0,-1.388089272363,-0.109783601916,0.0,-1.446331071849,-0.222962453715,0.0,-1.509387818943,-0.229280992012,0.0,-1.43755485108,0.373038701554,0.0,-1.506703498363,0.416000287683,0.0,0.319286316633,0.535523235798,-2.5454909e-05,-0.234459866179
145,1,0.010776900907,-0.005152388779,0.0,-0.010776900907,0.005152388779,0.0,-0.651735829007,-0.010596986567,0.0,-0.683949507517,-0.015159077356,0.0,-1.328061889799,-0.142257469527,0.0,-1.378476508218,-0.129401040069,0.0,-1.437190067023,-0.242906855938,0.0,-1.500380840509,-0.248379830979,0.0,-1.428260180149,0.355278859946,0.0,-1.499498333509,0.397771111794,0.0,0.323327347636,0.539855241776,-3.2860786e-05,-0.233148557364
146,1,0.009288845837,-0.005719148756,0.0,-0.009288845837,0.005719148756,0.0,-0.642438531131,-0.012404820173,0.0,-0.674088400865,-0.016172406881,0.0,-1.297663427742,-0.143387094558,0.0,-1.345544655562,-0.129341087919,0.0,-1.41077366143,-0.243350705395,0.0,-1.466260350643,-0.247357371994,0.0,-1.400673606686,0.344237885129,0.0,-1.464400868363,0.391377688164,0.0,0.326471149921,0.540103644133,-3.0625612e-05,-0.236593748676
147,1,0.004069982128,-0.011047339113,0.0,-0.004069982128,0.011047339113,0.0,-0.67292966601,-0.01871327486,0.0,-0.702323748701,-0.022085921072,0.0,-1.33523874548,-0.153012722237,0.0,-1.379864436607,-0.138087994909,0.0,-1.452770148242,-0.256329996231,0.0,-1.503117179449,-0.2581931123,0.0,-1.437959898482,0.337356888663,0.0,-1.498641131935,0.3761114797,0.0,0.32102958858,0.541510730982,-1.3209879e-05,-0.234820631988
148,1,-0.000623704215,-0.011700627267,0.0,0.000623704215,0.011700627267,0.0,-0.686423974631,-0.017641481696,0.0,-0.71006080113,-0.019514827553,0.0,-1.356125466217,-0.153249262005,0.0,-1.398484266194,-0.138180057723,0.0,-1.474126092489,-0.257408440159,0.0,-1.52258526204,-0.259047107336,0.0,-1.459628590485,0.339602000081,0.0,-1.51946667716,0.375967879886,0.0,0.317768648267,0.541285306215,-1.257658e-05,-0.233538345861
149,1,9.0770976e-05,-0.01270883154,0.0,-9.0770976e-05,0.01270883154,0.0,-0.677997183854,-0.016458312074,0.0,-0.705267725458,-0.017581315245,0.0,-1.357951441084,-0.151972730958,0.0,-1.401221581719,-0.136134857682,0.0,-1.467453455228,-0.257964848806,0.0,-1.524975150452,-0.256198778017,0.0,-1.462427300096,0.339515027641,0.0,-1.524222901971,0.378386227802,0.0,0.317670762539,0.541014999151,-1.3243407e-05,-0.233110294386
150,1,0.000824030723,-0.014657344672,0.0,-0.000824030723,0.014657344672,0.0,-0.679212501886,-0.018325945611,0.0,-0.706559881209,-0.019462106268,0.0,-1.361702592545,-0.154262219645,0.0,-1.404812052568,-0.139278443626,0.0,-1.471730863514,-0.260496062897,0.0,-1.529010394069,-0.258937914369,0.0,-1.46603184677,0.340400171741,0.0,-1.528120243362,0.379243834616,0.0,0.3178961128,0.541442066431,-1.2144446e-05,-0.232351798169
151,1,0.001335796734,-0.018804094299,0.0,-0.001335796734,0.018804094299,0.0,-0.673995171733,-0.021509363314,0.0,-0.702143210106,-0.02230073869,0.0,-1.35365421346,-0.15683174629,0.0,-1.396976785373,-0.142400498422,0.0,-1.462537719678,-0.262390940182,0.0,-1.520542830479,-0.262098064962,0.0,-1.453151936287,0.335213419622,0.0,-1.519002684398,0.378964589418,0.0,0.317986190319,0.542231947184,-1.2982637e-05,-0.23363578617
152,1,0.001504232171,-0.01741537596,0.0,-0.001504232171,0.01741537596,0.0,-0.683664339822,-0.020528833515,0.0,-0.712000177889,-0.02209503634,0.0,-1.37516949227,-0.16006779757,0.0,-1.417513812831,-0.14544402111,0.0,-1.487689510871,-0.267489091413,0.0,-1.543346036319,-0.267668579191,0.0,-1.477367471139,0.340561122602,0.0,-1.540359245482,0.392910816099,0.0,0.318529114127,0.542342364788,-9.994954e-06,-0.229634642991
153,1,0.003268295862,-0.020012450426,0.0,-0.003268295862,0.020012450426,0.0,-0.673294943057,-0.02348718107,0.0,-0.701356820847,-0.025237798996,0.0,-1.345905210754,-0.156923820913,0.0,-1.387516346279,-0.145948116796,0.0,-1.456310864909,-0.261419578566,0.0,-1.511271449689,-0.264897877219,0.0,-1.446098204913,0.334930494827,0.0,-1.508370913569,0.382150284987,0.0,0.319552212954,0.543215751648,-1.7285347e-05,-0.233874164666
